Name,ReleaseDate,Label,Album,pop1,pop2,pop3,pop4,nonBandMemberWriters,lyricalComplexity,musicalComplexity,totalComplexity,Artist
Animals,2014-08-25,NA,v (Deluxe),0.10324876904505503,0.07754570416690586,0.7055885547639411,0.6820203958755696,2,-0.9184169142738919,-0.2612218840426582,-1.1796387983165502,Maroon 5
Cold,2017-02-14,222 Records / Interscope,Red Pill Blues + (Deluxe),-0.482602633475046,-0.5169409983857982,0.45158148368369516,0.3080094997090964,5,0.1828215286789437,0,0.1828215286789437,Maroon 5
Come Away to the Water,2012-03-16,NA,NA,-0.5614986941317776,-0.66011144574779,-2.3141786788340815,-1.667754555188795,NA,0.23187083243523737,0,0.23187083243523737,Maroon 5
Daylight,2012-11-27,222 Records / Interscope,Overexposed Track by Track,-0.30720484647133134,-0.35205140092859794,0.6312067524327845,0.6874796838716912,3,-0.5882573917249114,0,-0.5882573917249114,Maroon 5
Don't Wanna Know,2016-10-12,222 Records / Interscope,Red Pill Blues + (Deluxe),-0.17689792665188717,-0.13812470828348306,0.6500945051620491,0.8678375892682345,7,-0.778353960434196,0,-0.778353960434196,Maroon 5
Girls Like you,2018-05-30,222 Records / Interscope,Red Pill Blues + (Deluxe),3.430600866799945,2.8025884793736844,0.741649612665917,0.984845273586716,5,0.37114240055712006,-0.4027735553432803,-0.03163115478616024,Maroon 5
Girls Like you,2018-05-30,222 Records / Interscope,Red Pill Blues + (Deluxe),3.430600866799945,2.8025884793736844,0.741649612665917,0.984845273586716,5,0.5126525333766372,-0.4027735553432803,0.10987897803335689,Maroon 5
Give a Little more,2010-08-17,NA,Hands all over (Deluxe),-0.5615045836589826,-0.6602080610804814,-2.6379711775617807,-1.9757562918943605,0,-1.0776427794117354,0,-1.0776427794117354,Maroon 5
Harder to Breathe,2002-06-25,A&m/Octone,Songs About Jane,-0.43911962468315346,-0.4975000488680802,0.40908804765276924,0.37883938461549865,0,2.6150265257000838,2.595343472033382,5.210369997733466,Maroon 5
If i Never See your Face Again,2008-05-02,222 Records / Interscope,it Won't be Soon Before Long.,-0.521172448735712,-0.5948542010613819,-0.4950572610628973,-1.0910702818141589,0,-0.9187564954570273,0,-0.9187564954570273,Maroon 5
If i Never See your Face Again,2008-05-02,222 Records / Interscope,it Won't be Soon Before Long.,-0.521172448735712,-0.5948542010613819,-0.4950572610628973,-1.0910702818141589,0,-0.9012930037960207,0,-0.9012930037960207,Maroon 5
If i Never See your Face Again,2008-05-02,222 Records / Interscope,Red Pill Blues + (Deluxe),-0.521172448735712,-0.5948542010613819,-0.4950572610628973,-1.0910702818141589,0,-0.9187564954570273,0,-0.9187564954570273,Maroon 5
If i Never See your Face Again,2008-05-02,222 Records / Interscope,Red Pill Blues + (Deluxe),-0.521172448735712,-0.5948542010613819,-0.4950572610628973,-1.0910702818141589,0,-0.9012930037960207,0,-0.9012930037960207,Maroon 5
it Was Always you,2014-08-29,222 Records / Interscope,v (Deluxe),-0.5605546109572196,-0.6525832091579156,-0.2929477135500432,-1.6430529007847097,3,0.88133560882729,0,0.88133560882729,Maroon 5
Love Somebody,2013-05-14,222 Records / Interscope,Overexposed Track by Track,-0.389575314671331,-0.4055244186718546,0.573315140912589,0.7826697150798007,3,-1.073800129810897,0,-1.073800129810897,Maroon 5
Makes Me Wonder,2007-03-27,A&m/Octone,it Won't be Soon Before Long.,-0.011687118320059024,0.48443732271541395,0.741649612665917,0.6682928560267339,0,0.01748532006687512,0,0.01748532006687512,Maroon 5
Maps,2014-06-16,222 Records / Interscope,v (Deluxe),-0.318014630133773,-0.23210410418829347,0.6500945051620491,0.9505329937276119,4,-0.50227244372307,0,-0.50227244372307,Maroon 5
Misery,2010-06-22,A&m/Octone,Hands all over (Deluxe),-0.4347946258538836,-0.4652380053836266,0.4930877581967477,0.6716328028109975,0,0.38341853791213604,0,0.38341853791213604,Maroon 5
Moves Like Jagger,2011-06-21,A&m/Octone,NA,1.1250404155137703,1.6108775469653938,0.741649612665917,0.8252468513377826,3,-1.2895334386031572,-0.5800625973965285,-1.8695960359996857,Maroon 5
Never Gonna Leave this Bed,2011-05-17,A&m/Octone,Hands all over (Deluxe),-0.5265252304388756,-0.6029280281510332,-0.6437304878187765,-1.094859873874061,0,-0.6379454073678481,0,-0.6379454073678481,Maroon 5
One more Night,2012-06-19,222 Records / Interscope,Overexposed Track by Track,1.13760094952742,2.2787595693515903,0.741649612665917,0.6981343145564174,3,0.2990423026879955,0,0.2990423026879955,Maroon 5
Payphone,2012-04-17,222 Records / Interscope,Overexposed Track by Track,0.4893411756523981,0.992188776142315,0.723710056646097,1.0102895640479213,5,1.4611395623400651,0,1.4611395623400651,Maroon 5
She will be Loved,2002-06-25,A&m/Octone,Songs About Jane,0.19156715615628042,0.051647543111588826,0.6687846836340159,0.8498774393266826,0,0.6359087995326554,0.27633928031497595,0.9122480798476313,Maroon 5
Stutter,2010-08-18,NA,Hands all over (Deluxe),-0.561500704049792,-0.6601444176470419,-2.415726729286485,-1.7643502948100136,0,1.1989495844867983,0,1.1989495844867983,Maroon 5
Sugar,2015-01-13,Interscope,v (Deluxe),0.5397520151823978,0.7638013583277963,0.723710056646097,0.8760767459928497,5,-0.009222683845833928,-0.7573516394497767,-0.7665743232956106,Maroon 5
Sunday Morning,2002-06-25,A&m/Octone,Songs About Jane,-0.5036279400635021,-0.5682116328756467,0.10512021618651488,-0.08941504691638044,0,1.6034539237598622,-0.22215442506139982,1.3812994986984624,Maroon 5
this Love,2002-06-25,A&m/Octone,Songs About Jane,0.30028166358353464,0.11999534988825966,0.6687846836340159,0.8270090682036794,0,1.5342131585433634,0,1.5342131585433634,Maroon 5
this Summer's Gonna Hurt...,2015-05-15,NA,NA,-0.5282810126368065,-0.5758909457614064,0.29821099413587476,0.089643716748279,1,1.0171730276243465,0,1.0171730276243465,Maroon 5
Wait,2017-10-31,222 Records / Interscope,Red Pill Blues + (Deluxe),-0.43281759881714577,-0.5088511013427071,0.2751853562889266,0.2273562193911727,3,0.006649982004641619,-0.7573516394497767,-0.7507016574451351,Maroon 5
Wake Up Call,2007-07-17,A&m/Octone,it Won't be Soon Before Long.,-0.44100059852827816,-0.49492747180791974,0.38745624869554585,0.22049475876893734,0,0.15220785507389695,0,0.15220785507389695,Maroon 5
What Lovers Do,2017-08-30,222 Records / Interscope,Red Pill Blues + (Deluxe),-0.3519862585470757,-0.36669718109616706,0.5928215002565378,0.8050514419336636,7,-1.7749075690067408,0,-1.7749075690067408,Maroon 5
Wipe your Eyes,2012-06-20,NA,Overexposed Track by Track,-0.5614923628900322,-0.6600075842651467,-2.0401584643464217,-1.4070978003650585,5,0.0800125604560066,0,0.0800125604560066,Maroon 5
Won't Go Home without you,2007-11-19,A&m/Octone,it Won't be Soon Before Long.,-0.5126577683379465,-0.586968561528115,-0.39114631177066905,-0.38961769737603963,0,-0.8940523273555774,0.5120065437383426,-0.38204578361723474,Maroon 5
Can't Stop the Feeling!,2016-05-06,Villa 40 / Rca Records,NA,2.1706941136187616,1.8445306281076261,0.6235066871829624,0.7463173578581865,2,0.3865412469900835,0,0.3865412469900835,Justin Timberlake
Cry Me a River,2002-11-05,NA,Justified,-0.11203690674607093,-0.05420374289414736,0.5771251326683003,0.7455936405350991,2,-0.6724407638257629,0,-0.6724407638257629,Justin Timberlake
Filthy,2018-01-05,NA,Man of the Woods,-0.7546544063022455,-0.7073900661813148,0.43208470428401785,0.04589780526983702,4,-0.5738302017209564,0,-0.5738302017209564,Justin Timberlake
Like i Love you,2002-10-14,NA,Justified,-0.49826863014878,-0.48512482731502066,0.3816298123145773,0.5362481357715144,4,1.0174304082880568,0,1.0174304082880568,Justin Timberlake
Love Never Felt so Good,2014-05-02,NA,NA,-0.6397965997198041,-0.5850784827476934,0.43208470428401785,-0.18997309999412046,2,-2.41377370380305,0,-2.41377370380305,Justin Timberlake
Man of the Woods,2018-02-02,NA,Man of the Woods,-0.7727762489353563,-0.7866159737627251,-2.296035401478875,-0.821776197651565,2,-0.05587188651442702,0,-0.05587188651442702,Justin Timberlake
Mirrors,2013-02-11,Rca Records,The 20/20 Experience (Deluxe Version),1.8823126072052778,0.8586349106700788,0.6004329188602497,0.5774226764520758,3,0.8634135947980961,0,0.8634135947980961,Justin Timberlake
My Love,2006-09-08,Jive/Zomba,NA,0.9818391016341632,1.185481999565652,0.6235066871829624,0.7005579962805645,3,0.43628865154442553,0,0.43628865154442553,Justin Timberlake
My Love,2006-09-08,Jive,NA,0.9818391016341632,1.185481999565652,0.6235066871829624,0.7005579962805645,3,0.43628865154442553,0,0.43628865154442553,Justin Timberlake
Not a Bad Thing,2013-09-30,Rca Records,The 20/20 Experience - 2 of 2 (Deluxe),-0.2026055125977417,-0.2549652388043409,0.45690274266492803,0.6266095156063493,3,-1.4861382178711737,0,-1.4861382178711737,Justin Timberlake
Pusher Love Girl,2013-03-15,NA,The 20/20 Experience (Deluxe Version),-0.771954502780004,-0.7818335968801479,-1.657506521865236,-1.1250174012424152,3,-0.777356360311077,0,-0.777356360311077,Justin Timberlake
Rock your Body,2002-11-04,Jive,Justified,-0.221208730182613,-0.23627685966593925,0.5297881754497021,0.6519481822810256,2,-0.26776561849367025,0,-0.26776561849367025,Justin Timberlake
Say Something,2018-01-25,NA,Man of the Woods,-0.6694814800895214,-0.6040351873207938,0.43208470428401785,-0.1667496150388572,5,0.7925337982034605,0,0.7925337982034605,Justin Timberlake
Senorita,2003-07-08,NA,NA,-0.6779872730489045,-0.6635081571648661,-0.06766486113463621,-0.4796545154737491,2,0.6877789226533144,0,0.6877789226533144,Justin Timberlake
Sexyback,2006-07-18,NA,NA,1.469920642582986,2.460305797430949,0.6235066871829624,0.5468068502666492,2,-0.5668629702964998,0,-0.5668629702964998,Justin Timberlake
Suit & Tie,2013-01-15,Rca Records,The 20/20 Experience (Deluxe Version),0.2983956665137839,0.2808686492408497,0.5771251326683003,0.6640539391675628,7,1.0938093794061765,0,1.0938093794061765,Justin Timberlake
Supplies,2018-01-18,NA,Man of the Woods,-0.772103878892956,-0.7829150145306566,-2.1380262411613398,-3.157653270659744,2,1.3090445837033746,0,1.3090445837033746,Justin Timberlake
Take Back the Night,2013-07-12,NA,The 20/20 Experience - 2 of 2 (Deluxe),-0.7102879621109749,-0.6878748377475105,-0.1305450633869006,0.09936800057158308,3,0.22719913724962904,0,0.22719913724962904,Justin Timberlake
all Around the World,2012-02-26,Island,Believe (Deluxe Edition),-0.3165173332395208,-0.3028225614692047,0.6514487697101867,-0.5590627391298074,4,0.04235505516455576,0,0.04235505516455576,Justin Bieber
all Bad,2013-11-11,NA,Journals,-0.34267917513302776,-0.35960552098564846,0.20521714916132136,0.7656684868031846,3,0.21112014983694266,0,0.21112014983694266,Justin Bieber
all that Matters,2013-10-14,NA,Journals,-0.3215450211426519,-0.3060519575001667,0.6252938864153332,-0.44322593625844164,3,0.38213355457691167,0,0.38213355457691167,Justin Bieber
As Long as you Love Me,2012-06-11,Def Jam,Believe (Deluxe Edition),1.384377582335126,0.7780212823578604,0.8395872627102691,1.0400231358938072,4,0.5564069555589141,0,0.5564069555589141,Justin Bieber
Baby,2010-01-18,Island/Def Jam,My World 2.0,0.19371667119605188,0.27127002914045234,0.8502703347567934,1.2404122559389368,5,-0.5938073502959389,0,-0.5938073502959389,Justin Bieber
Bad Day,2013-11-04,NA,Journals,-0.3427314131711564,-0.36013490629544237,0.14342659095863303,0.6971611281143498,8,-0.2724388419694906,0,-0.2724388419694906,Justin Bieber
Beauty and a Beat,2012-10-24,Island/Def Jam,Believe (Deluxe Edition),0.839650803608614,0.5424903561702361,0.8502703347567934,1.1555661493120153,4,0.859600664700672,0,0.859600664700672,Justin Bieber
Been you,2015-11-13,NA,Purpose (Deluxe),-0.3430323730616096,-0.36318486281277357,-0.7477146963546402,-0.2908496228509046,5,0.46265705916939387,0,0.46265705916939387,Justin Bieber
Bigger,2009-11-17,NA,My World,-0.343111157774574,-0.3639832746822421,-1.8104971060570265,-1.4691593495705741,4,0.16328098396198987,0,0.16328098396198987,Justin Bieber
Born to be Somebody,2011-02-14,NA,Never Say Never - The Remixes,-0.34297848497311634,-0.36263875573365684,-0.44253832556380274,0.047500243297660845,1,-2.0841997234282554,0,-2.0841997234282554,Justin Bieber
Boyfriend,2012-03-26,Def Jam,Believe (Deluxe Edition),0.34531512292667293,0.7459868717615393,0.8816649904017557,1.2844478866243905,3,-0.2564857573655791,0,-0.2564857573655791,Justin Bieber
Change Me,2013-12-02,NA,Journals,-0.3428199522188321,-0.36103216953238126,0.007355276914908161,0.546298494896562,2,2.0197914371602805,0,2.0197914371602805,Justin Bieber
Children,2015-11-13,NA,Purpose (Deluxe),-0.34297848497311634,-0.36263875573365684,-0.44253832556380274,0.047500243297660845,4,0.5063092779272965,0,0.5063092779272965,Justin Bieber
Company,2016-03-08,Def Jam,Purpose (Deluxe),-0.28946980602938976,-0.2863281496118582,0.14342659095863303,-0.03980778077667006,5,1.2175648015242848,0,1.2175648015242848,Justin Bieber
Confident,2013-12-09,Island Records,Journals,-0.3394911120840583,-0.3452084353041885,0.3708966564040139,0.2382352128364857,3,1.6542540685022111,0,1.6542540685022111,Justin Bieber
Die in your Arms,2012-05-29,NA,Believe (Deluxe Edition),-0.33988459596111825,-0.3363678526918433,0.7140475502121204,0.07083347842786519,10,-0.5146751767408518,0,-0.5146751767408518,Justin Bieber
Down to Earth,2009-11-17,Def Jam,My World,-0.3430179509330436,-0.36303870757279294,-0.6508371551595509,-0.18344123139773275,5,-1.445000065278537,0,-1.445000065278537,Justin Bieber
Drummer Boy,2011-11-01,NA,under the Mistletoe (Deluxe Edition),-0.34206284318195196,-0.3587970384014953,-1.0398299207547803,-1.731604644830516,4,2.635346813739796,0,2.635346813739796,Justin Bieber
Eenie Meenie,2010-03-23,NA,My World 2.0,-0.15196863901845298,-0.11649676722700085,0.7380508260511459,0.4036678799449501,6,-0.7685944553140558,0,-0.7685944553140558,Justin Bieber
Favorite Girl,2009-11-02,Island/Def Jam,My World,-0.3405630850517835,-0.3445666642643588,0.5984515430402506,0.6450894818638955,4,-0.6028987163515294,0,-0.6028987163515294,Justin Bieber
First Dance,2009-11-17,NA,My World,-0.34313595016676557,-0.3642345231726343,-3.054592010721168,-2.8484907289247405,5,0.8239488063295628,0,0.8239488063295628,Justin Bieber
Get Used to it,2015-11-13,NA,Purpose (Deluxe),-0.3430893404694454,-0.363762176010697,-1.3541322769883117,-0.9631864315816413,7,0.8188848258950265,0,0.8188848258950265,Justin Bieber
Heartbreaker,2013-10-07,NA,Journals,-0.33590376416499584,-0.3269139067514324,0.7615028869603189,0.6485397641874578,6,-0.06957971870026283,0,-0.06957971870026283,Justin Bieber
Hold Tight,2013-10-21,Def Jam,Journals,-0.3420108885073128,-0.3528330399534575,0.5568170126359776,1.1554882046149528,3,-0.45696993253149487,0,-0.45696993253149487,Justin Bieber
i Don't Care,2019-05-10,NA,NA,-0.02751838476311479,0.6130517548756924,0.8816649904017557,1.4941347167000505,5,-2.0324669245025135,0,-2.0324669245025135,Justin Bieber
I'll Show you,2015-11-02,Def Jam,Purpose (Deluxe),-0.2730873659346695,-0.2357423420185699,0.6894665230815085,0.7049235671203559,4,-0.7437904263568568,0,-0.7437904263568568,Justin Bieber
Life is Worth Living,2015-11-13,Def Jam,Purpose (Deluxe),-0.3418764018477693,-0.35672433795994307,-0.20788245516247764,-0.278924587096468,2,2.387928266551476,0,2.387928266551476,Justin Bieber
Love Me,2012-06-11,NA,My World,-0.3373741216040108,-0.33898021920479426,0.4367031428209981,-0.23144696122296704,4,0.847271357229175,0,0.847271357229175,Justin Bieber
Love Yourself,2015-11-13,Def Jam,Purpose (Deluxe),4.8826038995532235,4.131107757575415,0.8919190160511015,1.3563911347003939,2,-0.6925480914275823,-1.2147968909682882,-1.9073449823958706,Justin Bieber
Mark My Words,2015-11-13,Def Jam,Purpose (Deluxe),-0.33718405828218234,-0.338989254321234,0.3537604762746251,0.06259457676063164,2,-1.8180837751083534,0,-1.8180837751083534,Justin Bieber
Mistletoe,2011-10-17,Def Jam/Rbmg,under the Mistletoe (Deluxe Edition),-0.2728879338423182,-0.22961595313267172,0.7844284820301537,0.461851873217717,2,1.2211917751008765,-1.2643598179944613,-0.04316804289358478,Justin Bieber
Never Let you Go,2010-03-02,NA,My World 2.0,-0.3404229541069431,-0.34171547990519674,0.6642792446807787,-0.09726373909149509,2,-0.044014736108783994,0,-0.044014736108783994,Justin Bieber
Never Say Never,2010-06-08,Def Jam/Rbmg,Never Say Never - The Remixes,-0.1305877588569623,-0.1494117872360472,0.817879912577549,0.006650311242433041,5,-0.4259997575793722,0,-0.4259997575793722,Justin Bieber
No Pressure,2015-11-13,Def Jam,Purpose (Deluxe),-0.33791748937772076,-0.34291042943564953,0.22501025655844598,-0.44606883655161894,4,0.619364468686828,0,0.619364468686828,Justin Bieber
No Sense,2015-11-13,Def Jam,Purpose (Deluxe),-0.3400262467711982,-0.34910730252494915,0.12197007960770335,-0.14104835159359727,3,0.25001924824391475,0,0.25001924824391475,Justin Bieber
Nothing Like Us,2013-01-29,NA,NA,-0.34184850800100086,-0.3561098148974554,0.007355276914908161,-0.5473761312193914,0,-0.564411995855472,0,-0.564411995855472,Justin Bieber
One less Lonely Girl,2009-10-06,Def Jam,My World,-0.23018435873769644,-0.22103628703431166,0.7261197046659545,0.3109788903794793,2,-0.4938672127632626,0,-0.4938672127632626,Justin Bieber
One Time,2009-05-18,Def Jam/Rbmg,My World,0.20757549406380257,0.022674739465855933,0.7140475502121204,0.9313065482599818,4,-1.1429330548453651,0,-1.1429330548453651,Justin Bieber
Pray,2010-12-03,NA,under the Mistletoe (Deluxe Edition),-0.33770978508875066,-0.34480454870905397,-0.04235245931079,-0.39534893364653373,3,0.4939965314878322,0,0.4939965314878322,Justin Bieber
Pyd,2013-11-18,NA,Journals,-0.34274753602243074,-0.36029829682315656,0.12197007960770335,0.6733722360556722,5,-0.5671415433973064,0,-0.5671415433973064,Justin Bieber
Recovery,2013-10-28,NA,Journals,-0.3424765934729678,-0.357552538930594,0.3708966564040139,0.9493578037508136,4,0.4845174083606611,0,0.4845174083606611,Justin Bieber
Right Here,2013-02-05,NA,Believe (Deluxe Edition),-0.3431163250310519,-0.3640356401570817,-1.9655354295205485,-1.6410507573353446,3,-1.5878192526349482,0,-1.5878192526349482,Justin Bieber
Roller Coaster,2013-11-25,NA,Journals,-0.3426202684091806,-0.3590085545724766,0.2634815611842018,0.8302663977032979,3,0.5678909872749626,0,0.5678909872749626,Justin Bieber
Somebody to Love,2010-06-25,Island,My World 2.0,-0.17283880259315884,-0.17323957198013332,0.7380508260511459,0.11783648157471954,4,-0.88641672501323,0,-0.88641672501323,Justin Bieber
Sorry,2015-10-23,Def Jam,Purpose (Deluxe),3.865971279410694,4.544740794222866,0.8919190160511015,1.3052795448251855,4,0.1612987391602039,-0.6691301740750913,-0.5078314349148875,Justin Bieber
That Should be Me,2010-01-30,NA,My World 2.0,-0.34310048626663064,-0.36387512859289933,-1.5570331427742208,-1.188143169228747,3,-0.39443646158263557,0.7870717207594603,0.39263525917682474,Justin Bieber
That Should be Me,2010-01-30,NA,Never Say Never - The Remixes,-0.34310048626663064,-0.36387512859289933,-1.5570331427742208,-1.188143169228747,3,-0.38453327299301293,0.7870717207594603,0.40253844776644737,Justin Bieber
That Should be Me,2010-01-30,NA,My World 2.0,-0.34310048626663064,-0.36387512859289933,-1.5570331427742208,-1.188143169228747,3,-0.38453327299301293,0.7870717207594603,0.40253844776644737,Justin Bieber
That Should be Me,2010-01-30,NA,Never Say Never - The Remixes,-0.34310048626663064,-0.36387512859289933,-1.5570331427742208,-1.188143169228747,3,-0.39443646158263557,0.7870717207594603,0.39263525917682474,Justin Bieber
The Feeling,2015-11-13,Def Jam,Purpose (Deluxe),-0.32545913286183675,-0.3125254760487707,0.5280867812482345,0.09063070535414146,5,1.029552674500212,0,1.029552674500212,Justin Bieber
Trust,2015-11-13,NA,Purpose (Deluxe),-0.3431311940752023,-0.36418632448264066,-2.656834613987802,-2.40749602938237,3,-0.21531533072354947,0,-0.21531533072354947,Justin Bieber
u Smile,2010-08-09,NA,My World 2.0,-0.33758452469807476,-0.3370180524902411,0.5847610917180269,-1.193057738824932,3,-0.5086075944349947,0,-0.5086075944349947,Justin Bieber
What Do you Mean?,2015-08-28,NA,Purpose (Deluxe),2.4007822076065017,2.7398091663735826,0.8919190160511015,1.3784763745016868,2,-0.0706802827650979,0,-0.0706802827650979,Justin Bieber
Fairly Local,2015-03-17,Fueled by Ramen,Blurryface,-0.6860222128029686,-0.6819634666853049,-1.0620927492279846,-0.36445856484678774,0,-0.011941239840100235,0,-0.011941239840100235,Twenty One Pilots
Heathens,2016-06-16,Atlantic Records,NA,1.2711528808719743,1.740007786112567,1.1129499813324149,1.2259189955605798,0,1.0992948339899131,0,1.0992948339899131,Twenty One Pilots
Jumpsuit,2018-07-11,Fueled by Ramen,Trench,-0.6836712903721384,-0.6641256148573668,0.2930371990483694,0.12017457629467328,0,-0.8396011452969878,0,-0.8396011452969878,Twenty One Pilots
My Blood,2018-08-27,Fueled by Ramen,Trench,-0.6860142075814168,-0.6818022447420448,-0.8619979021817817,-0.20472362122372179,0,-1.5569894354452227,0,-1.5569894354452227,Twenty One Pilots
Nico and the Niners,2018-07-11,NA,Trench,-0.6856263047312724,-0.6778389990716993,-0.7445740159639674,-0.7470378235952784,0,1.4083558977486585,0,1.4083558977486585,Twenty One Pilots
Ride,2015-05-11,Fueled by Ramen,Blurryface,0.46930757885434177,0.36465631991537184,1.0748969669100341,0.8642302393812774,0,0.01092674782874484,0,0.01092674782874484,Twenty One Pilots
Stressed Out,2015-04-28,Fueled by Ramen,Blurryface,1.6803340149501886,1.2566453836163034,1.1129499813324149,0.8951978264309137,0,0.5249001556571883,0,0.5249001556571883,Twenty One Pilots
Tear in My Heart,2015-04-06,Fueled by Ramen,Blurryface,-0.6794604591887088,-0.6555791642878268,-0.9251694612494986,-1.7893016280016567,0,-0.6349458146421941,0,-0.6349458146421941,Twenty One Pilots
3,2009-10-02,NA,NA,1.0463958814329657,1.9996452060895427,0.8075338861403724,1.008449400982439,3,-0.13982734313687104,0,-0.13982734313687104,Britney Spears
Break the Ice,2008-03-04,NA,Blackout,-0.35344067514525906,-0.4414122015123302,0.2885644987685958,0.05891553237896182,3,-0.5278022828218873,0,-0.5278022828218873,Britney Spears
Circus,2008-12-02,NA,Circus (Deluxe Version),1.2622908253012648,1.331227831871845,0.7882803407917605,1.0850483150708137,3,0.5956668443384007,0,0.5956668443384007,Britney Spears
Criminal,2011-09-30,NA,Femme Fatale (Deluxe Version),-0.6518862326533296,-0.6524855726617632,0.06785845392613915,-0.0035320136955146793,3,0.7053859574809302,0,0.7053859574809302,Britney Spears
Do Somethin',2005-02-14,NA,NA,-0.6905630536111074,-0.7352160344593244,-3.495739431613632,-3.217319087472264,3,-1.7898813808388805,0,-1.7898813808388805,Britney Spears
Everytime,2004-05-10,Jive,In the Zone,0.026032726486401047,-0.053474022121991045,0.6638068780098441,0.6885216554083602,1,-0.28655031895318195,0,-0.28655031895318195,Britney Spears
Gimme more,2007-09-18,Jive,Blackout,0.4372578052158403,0.6290000620583321,0.7882803407917605,0.5792854070639525,4,0.7319283329228315,0,0.7319283329228315,Britney Spears
Hold it Against Me,2011-01-11,NA,Femme Fatale (Deluxe Version),0.07968924499000349,1.2244250477499548,0.8075338861403724,0.4819378113267214,4,0.18026311463103695,0,0.18026311463103695,Britney Spears
i Wanna Go,2011-06-13,NA,Femme Fatale (Deluxe Version),0.9627857893060481,0.5782408458191682,0.7485667692102695,0.9221387318606915,3,1.2549002935196734,0,1.2549002935196734,Britney Spears
I'm a Slave 4 u,2001-09-24,NA,Britney (Digital Deluxe Version),-0.4472205798328129,-0.46175872182673877,0.5206202005502009,0.3079023233336037,2,-1.0876096719083215,0,-1.0876096719083215,Britney Spears
If u Seek Amy,2009-03-10,NA,Circus (Deluxe Version),0.14508438280408284,-0.09669791132186575,0.6184246810272503,0.6310304871011536,4,-1.5232813538064238,0,-1.5232813538064238,Britney Spears
Lucky,2000-08-08,NA,Oops!... i Did it Again,-0.5031119823358514,-0.47000771887412324,0.5707752870332131,0.23825918046844846,3,0.7979192226814927,0,0.7979192226814927,Britney Spears
Make Me...,2016-07-14,NA,NA,-0.5394599782017621,-0.4786588591928183,0.6413856158784318,0.609295120470069,3,1.4168517868541568,0,1.4168517868541568,Britney Spears
Me Against the Music,2003-10-14,NA,NA,-0.5163802427425775,-0.4971303976195686,0.4116309618625873,0.21719058232907806,6,-0.7435311190580375,0,-0.7435311190580375,Britney Spears
Ooh La La,2013-06-17,NA,NA,-0.6664682016076567,-0.6786108125838018,0.08833093036163794,-0.5659428258016964,7,-1.4053106150366013,0,-1.4053106150366013,Britney Spears
Outrageous,2004-07-20,NA,In the Zone,-0.6766511096176298,-0.6952085102255016,-0.6335419383239324,-0.4462588247826698,1,1.0474191050186186,0,1.0474191050186186,Britney Spears
Overprotected,2001-12-12,NA,NA,-0.6712781063286198,-0.688209822506335,-0.9968968746719741,-1.2170898265879855,2,-0.09198796467630653,0,-0.09198796467630653,Britney Spears
Perfume,2013-11-04,NA,Britney Jean (Deluxe Version),-0.6613245359966642,-0.6706265775817083,-0.5121094968249964,-0.5878003225050258,2,-0.014739705763801856,0,-0.014739705763801856,Britney Spears
Piece of Me,2007-11-27,Jive,Blackout,0.1356038572641713,-0.13665416910371617,0.6299742263380698,0.6700608393289202,2,1.278720289310725,0,1.278720289310725,Britney Spears
Radar,2009-06-22,NA,Circus (Deluxe Version),-0.6836622290929081,-0.7113931333079156,-1.132440863322086,-1.192642182072697,5,0.16884660179530372,0,0.16884660179530372,Britney Spears
Radar,2009-06-22,NA,Blackout,-0.6836622290929081,-0.7113931333079156,-1.132440863322086,-1.192642182072697,5,0.16884660179530372,0,0.16884660179530372,Britney Spears
Radar,2009-06-22,NA,Blackout,-0.6836622290929081,-0.7113931333079156,-1.132440863322086,-1.192642182072697,5,0.16356021357560568,0,0.16356021357560568,Britney Spears
Radar,2009-06-22,NA,Circus (Deluxe Version),-0.6836622290929081,-0.7113931333079156,-1.132440863322086,-1.192642182072697,5,0.16356021357560568,0,0.16356021357560568,Britney Spears
Scream & Shout,2012-11-20,NA,NA,3.2846174399230734,2.3005705028499612,0.7882803407917605,1.1155510586555122,4,-2.1072903063329322,0,-2.1072903063329322,Britney Spears
Shattered Glass,2009-11-28,NA,Circus (Deluxe Version),-0.6900230316263818,-0.7307349059452167,-0.3076332799065435,0.10783622413157355,3,0.8893416156266596,0,0.8893416156266596,Britney Spears
Slumber Party,2016-11-15,NA,NA,-0.6903579289812504,-0.7335139003725702,-0.9968968746719741,-0.6110571859897338,4,1.5972872242543834,0,1.5972872242543834,Britney Spears
Stronger,2000-11-13,Jive,Oops!... i Did it Again,-0.1284874627077969,-0.18423357607996002,0.707127864225199,0.7175731907031143,2,-1.4032761284836868,0,-1.4032761284836868,Britney Spears
Toxic,2004-01-13,Jive,In the Zone,0.7727785198606004,0.46910536195331565,0.7280723013135645,0.9826697343187174,4,0.24604598387794435,0,0.24604598387794435,Britney Spears
Womanizer,2008-10-03,NA,Circus (Deluxe Version),2.468765565175882,2.7179913888288767,0.8075338861403724,0.9979032201935432,2,-0.28545521044174077,0,-0.28545521044174077,Britney Spears
4 your Eyez Only,2016-12-09,NA,4 your Eyez Only,-0.42051103483496477,-0.44629430619747423,0.43678394740306614,1.2475299025496887,0,1.27227127007754,0,1.27227127007754,J Cole
Album of the Year,2018-08-07,NA,NA,-0.42507516966093944,-0.5031486719673279,-2.888159847337189,-2.019947384434133,3,2.0900659217092348,0,2.0900659217092348,J Cole
Apparently,2014-12-09,NA,2014 Forest Hills Drive,-0.044081627266691036,0.017767544441080144,-0.6115698543681917,-1.1573487345664752,0,-1.0582394270982474,0,-1.0582394270982474,J Cole
Atm,2018-04-20,NA,Kod,-0.35041728540466327,0.050711790612141275,1.0009148819736575,0.12072411974249703,2,0.16416090168072592,0,0.16416090168072592,J Cole
Brackets,2018-04-20,NA,Kod,-0.42073924157626347,-0.449137024485967,0.40832686795782924,1.2195646596820362,4,0.12333315000729042,0,0.12333315000729042,J Cole
Can't Get Enough,2011-09-01,Columbia,Cole World: The Sideline Story,0.2505712959593185,0.2607605151459974,-0.34601098990417006,-0.09152285160594016,1,-0.6723666951264599,0,-0.6723666951264599,J Cole
Change,2016-12-09,NA,4 your Eyez Only,-0.4131188646607095,-0.38400892958385674,0.6511727290324919,-0.030845342784007523,0,1.2350566267316418,0,1.2350566267316418,J Cole
Crooked Smile,2013-06-04,Columbia,Born Sinner,0.6698609579106637,0.6323440293874303,0.4925328086928565,0.6526188601595142,1,-0.839387906454722,0,-0.839387906454722,J Cole
Deja Vu,2016-12-09,NA,4 your Eyez Only,0.26063528910402695,0.6664463401089542,0.9793766923268528,-0.1675779635064481,0,-0.6049349933814957,0,-0.6049349933814957,J Cole
Everybody Dies,2016-12-02,NA,NA,-0.4238740815488409,-0.4881869967647348,-0.5648362971871804,0.26322111376383794,0,1.9400601666361776,0,1.9400601666361776,J Cole
False Prophets,2016-12-01,NA,NA,-0.41786907148587893,-0.4591833335628623,-0.4307422745384069,-1.3674172565318874,0,0.7308246595751863,0,0.7308246595751863,J Cole
Foldin Clothes,2016-12-09,NA,4 your Eyez Only,-0.4166874075981022,-0.4239006478432258,0.40832686795782924,-1.9166900112438054,0,-0.402925004245499,0,-0.402925004245499,J Cole
For Whom the Bell Tolls,2016-12-09,NA,4 your Eyez Only,-0.41445539451887475,-0.39745377459293657,0.5996530747750461,-0.8611239763535252,0,-1.7935357087660704,0,-1.7935357087660704,J Cole
Friends,2018-04-20,NA,NA,-0.4230411530537116,-0.47781140026554536,-0.11110694519585118,0.709108456104725,0,1.0327644389154016,0,1.0327644389154016,J Cole
Immortal,2016-12-09,NA,4 your Eyez Only,-0.3738999967267981,-0.172797466397711,0.8908722785290852,-0.8705181880726762,0,-0.10098481896366461,0,-0.10098481896366461,J Cole
Intro,2018-04-20,NA,Cole World: The Sideline Story,-0.4236112018865702,-0.4849123659656767,-0.38793620919792526,0.43706375750557547,0,0.8932709052240241,0,0.8932709052240241,J Cole
Intro,2018-04-20,NA,Cole World: The Sideline Story,-0.4236112018865702,-0.4849123659656767,-0.38793620919792526,0.43706375750557547,0,0.33931642799460054,0,0.33931642799460054,J Cole
Intro,2018-04-20,NA,Cole World: The Sideline Story,-0.4236112018865702,-0.4849123659656767,-0.38793620919792526,0.43706375750557547,0,0.5416681912809037,0,0.5416681912809037,J Cole
Intro,2018-04-20,NA,Kod,-0.4236112018865702,-0.4849123659656767,-0.38793620919792526,0.43706375750557547,0,0.8932709052240241,0,0.8932709052240241,J Cole
Intro,2018-04-20,NA,Kod,-0.4236112018865702,-0.4849123659656767,-0.38793620919792526,0.43706375750557547,0,0.33931642799460054,0,0.33931642799460054,J Cole
Intro,2018-04-20,NA,Kod,-0.4236112018865702,-0.4849123659656767,-0.38793620919792526,0.43706375750557547,0,0.5416681912809037,0,0.5416681912809037,J Cole
Intro,2018-04-20,NA,2014 Forest Hills Drive,-0.4236112018865702,-0.4849123659656767,-0.38793620919792526,0.43706375750557547,0,0.8932709052240241,0,0.8932709052240241,J Cole
Intro,2018-04-20,NA,2014 Forest Hills Drive,-0.4236112018865702,-0.4849123659656767,-0.38793620919792526,0.43706375750557547,0,0.33931642799460054,0,0.33931642799460054,J Cole
Intro,2018-04-20,NA,2014 Forest Hills Drive,-0.4236112018865702,-0.4849123659656767,-0.38793620919792526,0.43706375750557547,0,0.5416681912809037,0,0.5416681912809037,J Cole
Kevin's Heart,2018-04-20,NA,NA,-0.3613487673757018,-0.06426481439845014,0.9576083894617855,-0.1100758729142867,0,-1.3898414565581847,0,-1.3898414565581847,J Cole
Kod,2018-04-20,NA,Kod,-0.17023843595400742,0.17889276740138205,0.9133614005261929,0.08987412566653309,0,-0.5218373916901409,0,-0.5218373916901409,J Cole
Middle Child,2019-01-23,Dreamville / Roc Nation,Revenge of the Dreamers Iii,3.7195227333933127,4.83286712718008,1.0433200289658329,1.6089628549367059,0,-0.12416740209954333,0,-0.12416740209954333,J Cole
Motiv8,2018-04-20,NA,Kod,-0.4085285738270535,-0.3318648855142055,0.7983481519501497,0.5506632767699585,0,0.2821470222812953,0,0.2821470222812953,J Cole
Neighbors,2016-12-09,NA,4 your Eyez Only,-0.35419577638335153,-0.15157279444137445,0.8451353689039214,-0.005996480524258111,2,0.34479050747151657,0,0.34479050747151657,J Cole
No Role Modelz,2014-12-09,Columbia,2014 Forest Hills Drive,0.984787252505144,0.6606519832967475,0.22869573771608956,-0.003329974193746111,0,-0.6711879690674067,0,-0.6711879690674067,J Cole
Nobody's Perfect,2012-02-07,NA,Cole World: The Sideline Story,0.050418423145657955,0.08634288612143731,-0.7585682301569606,-1.5079391791550638,2,0.49565040467149296,0,0.49565040467149296,J Cole
Once an Addict,2018-04-20,NA,NA,-0.42313298462860977,-0.47895532483121994,-0.14842472404204002,0.6724356573123073,0,0.9918642650148451,0,0.9918642650148451,J Cole
Photograph,2018-04-20,NA,Kod,-0.40821232152711484,-0.3240066569657088,0.8218760550449762,0.2065669938050226,0,-1.5164387826541306,0,-1.5164387826541306,J Cole
Power Trip,2013-02-14,Columbia,Born Sinner,2.8562033099715354,1.9548328176814032,0.7014217311809156,0.7903224561860478,0,-1.1967684400481142,0,-1.1967684400481142,J Cole
The Cut Off,2018-04-20,NA,NA,-0.42026652761214467,-0.4432485366026607,0.46484904357546875,1.2751099369687384,1,-1.0844308926219441,0,-1.0844308926219441,J Cole
Ville Mentality,2016-12-08,NA,4 your Eyez Only,-0.4146727457034053,-0.40104770677229906,0.5733963484299464,-0.558585379658596,0,-0.9934257343581716,0,-0.9934257343581716,J Cole
Wet Dreamz,2014-12-09,Columbia,2014 Forest Hills Drive,0.13721620457908806,0.12718192688831448,-0.7585682301569606,-1.1650063253714393,2,-0.510988162701951,0,-0.510988162701951,J Cole
Who Dat,2010-05-31,NA,NA,-0.4252223998166161,-0.5049826837663555,-4.017564516546732,-3.129832041820934,4,0.38708632967918305,0,0.38708632967918305,J Cole
Window Pain,2018-04-20,NA,NA,-0.42251480134392927,-0.47125475946228806,0.06587001890712588,0.8830266472755334,0,-0.5357236156140623,0,-0.5357236156140623,J Cole
Work Out,2011-06-15,Roc Nation / Columbia,Cole World: The Sideline Story,3.2353890129187586,2.268532279842327,0.8451353689039214,0.7404540842638933,6,-2.3956578365003085,0,-2.3956578365003085,J Cole
...ready for It?,2017-09-03,NA,Reputation,-0.2351276760569887,-0.1204845707433377,0.696176274341565,0.3744947084367421,3,-0.09700220477279661,0,-0.09700220477279661,Taylor Swift
22,2012-10-22,"Big Machine Records, Inc.",Red (Deluxe Edition),-0.17450251118294433,-0.18222707447442782,0.3993259117270803,0.627678620104774,2,-0.08349139080035273,0,-0.08349139080035273,Taylor Swift
all Too Well,2012-10-22,Big Machine Records,Red (Deluxe Edition),-0.4509335288359017,-0.4865494836806431,-1.8204108053754662,-1.1920738941415194,1,1.0397360742999422,0,1.0397360742999422,Taylor Swift
Back to December,2010-10-25,"Big Machine Records, Inc.",Speak Now (Deluxe Edition),-0.11752847735325611,-0.08731241969552177,0.6618642416557464,0.8086086827381158,0,0.6747428155114754,0.44401177438934114,1.1187545899008167,Taylor Swift
Bad Blood,2015-05-17,"Big Machine Records, Inc.",1989 (Deluxe Edition),1.552945077920646,2.178269232844831,0.7463414121527032,0.9897992148122232,3,-0.33789971805134883,0,-0.33789971805134883,Taylor Swift
Begin Again,2012-09-25,"Big Machine Records, Inc.",Red (Deluxe Edition),-0.32429101136071625,-0.2911544290429296,0.6444366622326428,-0.563038220599035,0,-0.06081046028716261,0,-0.06081046028716261,Taylor Swift
Better than Revenge,2010-10-25,"Big Machine Records, Inc.",Speak Now (Deluxe Edition),-0.4507092603088175,-0.48391210838825244,-0.5680934988706844,0.12488870336488772,0,0.9472777366997243,0,0.9472777366997243,Taylor Swift
Blank Space,2014-10-27,"Big Machine Records, Inc.",1989 (Deluxe Edition),3.4969438057262177,4.63417702509195,0.7463414121527032,1.1987978402298045,2,0.6213055854200961,-0.4291994305983973,0.19210615482169874,Taylor Swift
Breathe,2008-11-11,NA,Fearless (Platinum Edition),-0.45097563288887915,-0.4870446231033524,-2.4849721377660123,-1.890940238926024,1,-1.999873810123277,0,-1.999873810123277,Taylor Swift
Call it What you Want,2017-11-03,Big Machine Records,Reputation,-0.44875937954145795,-0.4677256802873129,0.2505079900546437,0.1451912974772924,1,0.7395711430087114,0,0.7395711430087114,Taylor Swift
Change,2008-08-08,"Big Machine Records, Inc.",Fearless (Platinum Edition),-0.443867728455238,-0.42592591862632384,0.5910205320999952,-1.430061170427158,0,0.3917543438972733,-1.6874959197252937,-1.2957415758280204,Taylor Swift
Come in with the Rain,2008-11-11,NA,Fearless (Platinum Edition),-0.45006137345279656,-0.47629302421023506,0.1823729358034821,0.9140946178853134,1,-2.033038096829501,0,-2.033038096829501,Taylor Swift
Crazier,2009-03-24,"Big Machine Records, Inc.",NA,-0.4187193891146669,-0.4028603093080418,0.4592102310443689,-0.1467647173669758,1,-1.5089361703675075,0,-1.5089361703675075,Taylor Swift
Dear John,2010-10-25,NA,Speak Now (Deluxe Edition),-0.450681572836338,-0.483586506500303,-0.4965580403892185,0.2001168605788943,0,0.8217492901328952,0,0.8217492901328952,Taylor Swift
Delicate,2017-11-10,"Big Machine Records, Inc.",Reputation,0.5969997417583489,0.13861604932240681,0.5544233875757881,0.7274198885146983,2,-1.1106097360866425,-0.25163525911234025,-1.3622449951989828,Taylor Swift
Enchanted,2010-10-25,"Big Machine Records, Inc.",Speak Now (Deluxe Edition),-0.45089864262057744,-0.48613922530182674,-1.4698086222188556,-0.8233734382562331,0,2.333411926510835,0,2.333411926510835,Taylor Swift
End Game,2017-11-10,Big Machine Records,Reputation,-0.34865484008376535,-0.34063634365709894,0.4394894975594775,0.027064942668432627,4,0.7859626684056562,0,0.7859626684056562,Taylor Swift
Everything Has Changed,2012-10-22,Big Machine Records,Red (Deluxe Edition),-0.25705599291272413,-0.2901045958252595,0.13533312104803036,0.15504600519171452,1,-0.8692454648346222,-1.511261663135092,-2.380507127969714,Taylor Swift
Eyes Open,2012-03-16,"Big Machine Records, Inc.",NA,-0.35673528111151515,-0.289675487229338,0.41953000847703553,0.24536008720493052,0,1.7136790384229459,0,1.7136790384229459,Taylor Swift
Fearless,2008-11-11,"Big Machine Records, Inc.",Fearless (Platinum Edition),-0.38547062601683724,-0.3497495877723905,0.609018894933047,-1.826386668184399,2,-0.5486359636333166,0.7509389928347837,0.20230302920146714,Taylor Swift
Fifteen,2008-11-11,"Big Machine Records, Inc.",Fearless (Platinum Edition),-0.1612231499789007,-0.22799466806505936,0.3371841209451669,0.09386079739831553,0,-0.3965156177498817,0,-0.3965156177498817,Taylor Swift
Gorgeous,2017-10-20,Big Machine Records,Reputation,-0.4436640848860263,-0.4363749701952025,0.5358155866371479,-0.7489909059393816,2,-1.9245883644633045e-4,1.496816306476765,1.4966238476403186,Taylor Swift
Haunted,2010-10-25,Big Machine Records,Speak Now (Deluxe Edition),-0.4499379664326021,-0.47986534206659487,-0.8461651825274099,-2.342347451836401,0,-1.4068685826915066,0,-1.4068685826915066,Taylor Swift
Hey Stephen,2008-11-11,"Big Machine Records, Inc.",Fearless (Platinum Edition),-0.45101146612545573,-0.4874660183567221,-3.6160667421127015,-3.080422553375065,0,-0.14779283708716273,0,-0.14779283708716273,Taylor Swift
i Almost Do,2012-10-22,NA,Red (Deluxe Edition),-0.45081276885977944,-0.485129358523202,-0.9350618453198208,-0.2610227459395466,0,-2.0705171736876555,0,-2.0705171736876555,Taylor Swift
i Knew you Were Trouble.,2012-10-09,NA,Red (Deluxe Edition),2.3118885965975404,1.6684530635287425,0.7297887263021402,0.9711686434321992,3,-1.2427157287719561,0,-1.2427157287719561,Taylor Swift
If this Was a Movie,2010-10-25,NA,Speak Now (Deluxe Edition),-0.44569072308010393,-0.4341834849505978,0.5910205320999952,0.7901890345447535,1,0.19745603919297855,0,0.19745603919297855,Taylor Swift
Innocent,2010-09-12,NA,Speak Now (Deluxe Edition),-0.44990632360691124,-0.47446965363771815,0.2505079900546437,0.9857468401789508,0,0.5286045505819359,0,0.5286045505819359,Taylor Swift
Jump then Fall,2009-10-27,"Big Machine Records, Inc.",Fearless (Platinum Edition),-0.44384824229261793,-0.4260547909983347,0.5910205320999952,-0.16761796844173288,0,-1.4525786208539266,0,-1.4525786208539266,Taylor Swift
Last Kiss,2010-10-25,NA,Speak Now (Deluxe Edition),-0.4508671958912711,-0.4857694149321895,-1.2347301835030906,-0.5761601244572494,0,0.16815423075424074,0,0.16815423075424074,Taylor Swift
Long Live,2010-10-25,NA,Speak Now (Deluxe Edition),-0.4509643107905995,-0.48691147636783394,-2.266289991941838,-1.6609696034513157,0,1.1835935298338076,0,1.1835935298338076,Taylor Swift
Look What you Made Me Do,2017-08-25,Big Machine Records,Reputation,0.3913231923176861,1.7026314388767707,0.7463414121527032,0.7055439861501039,4,-1.322857627928781,-0.6037981409096332,-1.926655768838414,Taylor Swift
Love Story,2008-09-12,"Big Machine Records, Inc.",Fearless (Platinum Edition),3.0162050753045544,1.5617389972202873,0.696176274341565,1.1517895658933834,0,0.7314284415069704,0.9125252014182615,1.643953642925232,Taylor Swift
Me!,2019-04-26,NA,NA,-0.21110267567694255,0.21209555671806876,0.7297887263021402,0.5443634387338617,2,-2.0672130370480177,-0.7171832249664394,-2.7843962620144573,Taylor Swift
Mean,2010-10-25,"Big Machine Records, Inc.",Speak Now (Deluxe Edition),-0.24453242794474622,-0.2379128791662232,0.5728235078288023,0.3511222574035718,0,0.5723274497283232,0,0.5723274497283232,Taylor Swift
Mine,2010-08-04,"Big Machine Records, Inc.",Speak Now (Deluxe Edition),0.09058425407140444,0.3484519162735793,0.7130681604495457,1.0371790968011962,0,0.5046763206992377,0,0.5046763206992377,Taylor Swift
Never Grow Up,2010-10-25,"Big Machine Records, Inc.",Speak Now (Deluxe Edition),-0.4509584475611332,-0.4868425253797976,-2.1669446604009504,-1.5564960126156344,0,0.35421106263386914,0,0.35421106263386914,Taylor Swift
New Romantics,2015-03-03,Big Machine Records,1989 (Deluxe Edition),-0.42705228542117546,-0.43092482726225906,-0.23792580713772557,-0.32789916826057464,2,0.4754859033640759,0,0.4754859033640759,Taylor Swift
Our Song,2006-10-24,"Big Machine Records, Inc.",Taylor Swift,0.482159479814298,0.1085231166925146,0.4786978534716193,0.7568433016806775,0,-0.06784870957996682,-0.3899826675477409,-0.4578313771277077,Taylor Swift
Ours,2010-10-25,"Big Machine Records, Inc.",Speak Now (Deluxe Edition),-0.2538052584470892,-0.2593317777194341,0.5358155866371479,0.3123263178555321,0,0.6883871301605955,0,0.6883871301605955,Taylor Swift
Out of the Woods,2014-10-14,"Big Machine Records, Inc.",1989 (Deluxe Edition),-0.40728085886767185,-0.3828878250190676,0.4394894975594775,0.1690409745791995,1,0.5376856245944329,0,0.5376856245944329,Taylor Swift
Picture to Burn,2006-10-24,"Big Machine Records, Inc.",Taylor Swift,-0.28070029078551717,-0.2992153719357943,0.22810773157305883,-0.2551351320075924,1,0.7857808413356498,0,0.7857808413356498,Taylor Swift
Red,2012-10-02,"Big Machine Records, Inc.",Red (Deluxe Edition),-0.27591265682017213,-0.2578477358201079,0.6618642416557464,-0.8841889831596719,0,2.3716757478353565,0,2.3716757478353565,Taylor Swift
Ronan,2012-09-08,"Big Machine Records, Inc.",NA,-0.44651460822816924,-0.4482587016577866,0.4786978534716193,0.9934797582024697,1,1.004344740194259,0,1.004344740194259,Taylor Swift
Safe & Sound,2012-03-16,Universal Republic,NA,-0.34402043294875106,-0.33588643688665,0.1823729358034821,-0.20481850540371327,3,0.5101357936005878,0.006391594088657872,0.5165273876892457,Taylor Swift
Shake it Off,2014-08-18,"Big Machine Records, Inc.",1989 (Deluxe Edition),3.6153967799663014,3.9158819842312993,0.7463414121527032,1.1108915051359942,2,-0.8778891519800496,0,-0.8778891519800496,Taylor Swift
Should've Said No,2006-10-24,"Big Machine Records, Inc.",Taylor Swift,-0.28086669767283323,-0.3019206704114798,0.11130013480423649,-0.18725405087542213,0,-0.8543977008598866,0.1639880579845698,-0.6904096428753168,Taylor Swift
Sparks Fly,2010-10-25,"Big Machine Records, Inc.",Speak Now (Deluxe Edition),-0.29338713281879575,-0.3041566774064606,0.4592102310443689,-0.10184856157562787,0,-0.1444507141160591,0,-0.1444507141160591,Taylor Swift
Speak Now,2010-10-25,"Big Machine Records, Inc.",Speak Now (Deluxe Edition),-0.44290293841689216,-0.41449984358697084,0.6268228871982394,0.03754187735853399,0,0.8070451478291645,-0.3899826675477409,0.41706248028142356,Taylor Swift
State of Grace,2012-10-16,Big Machine Label Group,Red (Deluxe Edition),-0.44823655603583823,-0.4548333551644584,0.5358155866371479,1.2857821679125374,0,-0.10419219039934324,0,-0.10419219039934324,Taylor Swift
Stay Stay Stay,2012-10-22,NA,Red (Deluxe Edition),-0.4509967840614895,-0.48729335876311225,-3.035021239721007,-2.4693831705249654,0,0.41242716536358565,0,0.41242716536358565,Taylor Swift
Style,2014-10-27,"Big Machine Records, Inc.",1989 (Deluxe Edition),0.8997289421912635,0.49659331814407437,0.6618642416557464,0.7639435419320693,3,-1.3735365315265573,0,-1.3735365315265573,Taylor Swift
Superman,2010-10-25,NA,Speak Now (Deluxe Edition),-0.4498466890508015,-0.4737683572636731,0.2726079679207662,1.0089876307551302,0,-0.275344543216487,0,-0.275344543216487,Taylor Swift
Superstar,2008-11-11,NA,Fearless (Platinum Edition),-0.4498466890508015,-0.4737683572636731,0.2726079679207662,1.0089876307551302,1,0.30068168897659653,0,0.30068168897659653,Taylor Swift
Sweeter than Fiction,2013-10-20,NA,NA,-0.45022554387785163,-0.47822365187525306,0.08691161814004833,0.8137055358065057,1,-0.8022942499854558,0,-0.8022942499854558,Taylor Swift
The Moment i Knew,2012-10-22,NA,Red (Deluxe Edition),-0.4508027055284359,-0.48501101476008185,-0.8900144072473456,-0.21364993495403511,0,0.663240477205963,0,0.663240477205963,Taylor Swift
The Other Side of the Door,2008-11-11,NA,Fearless (Platinum Edition),-0.44874595982040566,-0.46606123337500105,0.3371841209451669,-1.0017626569715425,0,0.6132355879137413,0,0.6132355879137413,Taylor Swift
The Story of Us,2010-10-25,"Big Machine Records, Inc.",Speak Now (Deluxe Edition),-0.40786689382588837,-0.4097120743344729,-0.09472528060591627,-1.2607029019118774,0,0.6059360249160974,0,0.6059360249160974,Taylor Swift
The Way i Loved you,2008-11-11,"Big Machine Records, Inc.",Fearless (Platinum Edition),-0.45087538514369463,-0.4858657197159492,-1.2904325650241357,-0.63473789278658,1,2.0494304187820895,0,2.0494304187820895,Taylor Swift
Tim Mcgraw,2006-06-19,"Big Machine Records, Inc.",Taylor Swift,-0.2629939457868533,-0.3036250730059805,-0.06751948731041868,0.0151594200623789,1,0.18072705094206973,0,0.18072705094206973,Taylor Swift
Today Was a Fairytale,2012-02-09,"Watertower Music / Big Machine Records, Inc.",NA,-0.28384714077443346,-0.034779374932732504,0.7297887263021402,0.004082059606972241,0,-1.4778264250506052,0,-1.4778264250506052,Taylor Swift
Untouchable,2008-11-11,NA,Fearless (Platinum Edition),-0.4480400485740578,-0.4596573755314589,0.41953000847703553,0.349433265886853,3,-0.9955531420683562,0,-0.9955531420683562,Taylor Swift
We are Never Ever Getting Back Together,2012-08-13,"Big Machine Records, Inc.",Red (Deluxe Edition),1.2481777838753845,2.5222356476462724,0.7463414121527032,1.1892425263934656,2,-0.79963648556448,0,-0.79963648556448,Taylor Swift
Welcome to New York,2014-10-20,"Big Machine Records, Inc.",1989 (Deluxe Edition),-0.44937123310616556,-0.4753119715652395,-0.2988803898406423,-0.028314298300645958,1,0.5853785174655727,0,0.5853785174655727,Taylor Swift
White Horse,2008-12-07,"Big Machine Records, Inc.",Fearless (Platinum Edition),-0.1536153787487965,-0.18349262730320887,0.5358155866371479,0.6823857033317325,1,0.588736687115467,1.430608063433886,2.019344750549353,Taylor Swift
Wildest Dreams,2014-10-27,"Big Machine Records, Inc.",1989 (Deluxe Edition),0.5024067729599726,0.5095143288090633,0.6791095208809189,1.0615033997482834,2,-0.047671195749058135,-0.2955410075683354,-0.34321220331739355,Taylor Swift
Wonderland,2015-02-17,NA,1989 (Deluxe Edition),-0.4506359699404893,-0.483050221037798,-0.39475819741669,0.3071716660427152,2,-0.3122873517276769,0,-0.3122873517276769,Taylor Swift
you are in Love,2015-02-24,NA,1989 (Deluxe Edition),-0.45095244304902926,-0.48677191292217,-2.073247080816558,-1.4579617137214322,1,-0.24690389824292322,0,-0.24690389824292322,Taylor Swift
you Belong with Me,2008-11-11,"Big Machine Records, Inc.",Fearless (Platinum Edition),3.9351549789038907,1.9970521940496782,0.7297887263021402,1.0544692645296354,1,0.6554065691422193,1.9263306238865883,2.5817371930288076,Taylor Swift
you Need to Calm Down,2019-06-14,NA,NA,-0.42408456081138973,-0.2086783278746667,0.7297887263021402,1.3877752364953944,1,-0.1275306329744961,-0.85553063340184,-0.9830612663763361,Taylor Swift
You're not Sorry,2008-10-28,"Big Machine Records, Inc.",Fearless (Platinum Edition),-0.43699468653350804,-0.4090440245685272,0.5728235078288023,-0.18795522940399642,0,-0.8812257404951788,0,-0.8812257404951788,Taylor Swift
all My Life,2003-05-19,NA,One by One (Expanded Edition),0.13524824110663186,0.2049089153243024,0.6653128726951852,0.7259057647617448,0,-0.4554351892266336,0,-0.4554351892266336,Foo Fighters
Best of you,2005-05-30,Rca,In your Honor,1.7836457439716484,1.8926497437680063,1.228753583986732,1.2826262358376876,0,-1.0210355175462165,0,-1.0210355175462165,Foo Fighters
Doa,2005-09-05,Rca,In your Honor,-0.7187598491624998,-0.6823878121307534,-0.2204891876387113,0.00823963719919908,0,-0.48083908528270247,0,-0.48083908528270247,Foo Fighters
Learn to Fly,1999-09-18,Rca,There is Nothing Left to Lose,1.702071518370547,1.5678338759163262,1.2096929553650775,1.1681124697283498,0,-0.6670694305706492,0,-0.6670694305706492,Foo Fighters
Long Road to Ruin,2007-12-03,NA,"Echoes, Silence, Patience & Grace",-0.7687143429916454,-0.7934655483167056,-1.804840345412584,-1.511652218519569,0,0.69176373515027,0,0.69176373515027,Foo Fighters
Rope,2011-03-01,NA,Wasting Light,-0.7096800156698327,-0.7033990985570362,-0.2204891876387113,-1.0554380582927427,0,1.0754813156820942,0,1.0754813156820942,Foo Fighters
The Pretender,2007-08-21,Rca Records,"Echoes, Silence, Patience & Grace",0.2548143512650343,0.24523589365545415,0.8200417469552151,0.8182224825195832,0,1.0078533962660858,0,1.0078533962660858,Foo Fighters
Times Like These,2003-01-14,Rca,One by One (Expanded Edition),-0.12866972868636833,-0.1604688404205135,-0.08389588112741739,0.18133309274272985,0,-1.5924160987475997,0,-1.5924160987475997,Foo Fighters
Walk,2011-06-17,NA,Wasting Light,-0.7063586971086314,-0.7221695604251495,-1.1708238073306139,-0.9730750218619402,0,1.3719543597694182,0,1.3719543597694182,Foo Fighters
Wheels,2009-09-29,NA,NA,-0.8435972210948834,-0.848737568813931,-0.4232627498541692,-0.6442743841150408,0,0.06974251450593326,0,0.06974251450593326,Foo Fighters
